{
  "schema": "fullbleed.i9_data.v1",
  "source_pdf": "i-9.pdf",
  "values": {
    "p01_last_name_family_name": "DOE",
    "p01_first_name_given_name": "JANE",
    "p01_employee_middle_initial_if_any": "A",
    "p01_employee_other_last_names_used_if_any": "SMITH",
    "p01_address_street_number_and_name": "123 MAIN ST",
    "p01_apt_number_if_any": "4B",
    "p01_city_or_town": "AUSTIN",
    "p01_state": "TX",
    "p01_zip_code": "78701",
    "p01_date_of_birth_mmddyyyy": "01/01/1990",
    "p01_us_social_security_number": "123-45-6789",
    "p01_employees_e_mail_address": "jane.doe@example.com",
    "p01_telephone_number": "(512) 555-0199",
    "p01_section1_status_us_citizen": true,
    "p01_section1_status_noncitizen_national": false,
    "p01_section1_status_lawful_permanent_resident": false,
    "p01_f_3_a_lawful_permanent_resident_enter_uscis_or_anumber": "V116",
    "p01_section1_status_authorized_to_work_until": false,
    "p01_exp_date_mmddyyyy": "02/17/2026",
    "p01_uscis_anumber": "V119",
    "p01_form_i94_admission_number": "V120",
    "p01_foreign_passport_number_and_country_of_issuancerow1": "V121",
    "p01_signature_of_employee": "Jane Doe",
    "p01_today_s_date_mmddyyy": "02/17/2026",
    "p01_document_title_1": "V124",
    "p01_issuing_authority_1": "V125",
    "p01_document_number_0_if_any": "V126",
    "p01_expiration_date_if_any": "02/17/2026",
    "p01_document_title_2_if_any": "V128",
    "p01_issuing_authority_2": "V129",
    "p01_document_number_if_any_2": "V130",
    "p01_list_a_document_2_expiration_date_if_any": "02/17/2026",
    "p01_list_a_document_title_3_if_any": "V132",
    "p01_list_a_document_3_enter_issuing_authority": "V133",
    "p01_list_a_document_3_number_if_any": "V134",
    "p01_document_number_if_any_3": "V135",
    "p01_list_b_document_1_title": "V136",
    "p01_list_b_issuing_authority_1": "V137",
    "p01_list_b_document_number_1": "V138",
    "p01_list_b_expiration_date_1": "02/17/2026",
    "p01_list_c_document_title_1": "V140",
    "p01_list_c_issuing_authority_1": "V141",
    "p01_list_c_document_number_1": "V142",
    "p01_list_c_expiration_date_1": "02/17/2026",
    "p01_additional_information": "V144",
    "p01_section2_alternative_procedure_used": true,
    "p01_firstdayemployed_mmddyyyy": "02/18/2026",
    "p01_last_name_first_name_and_title_of_employer_or_authorized_representative": "ROE, RICHARD - HR MANAGER",
    "p01_signature_of_employer_or_ar": "Richard Roe",
    "p01_s2_todays_date_mmddyyyy": "02/17/2026",
    "p01_employers_business_or_org_name": "FULLBLEED EXAMPLE INC",
    "p01_employers_business_or_org_address": "500 MARKET ST, AUSTIN TX 78701",
    "p03_last_name_family_name_from_section_1": "DOE",
    "p03_first_name_given_name_from_section_1": "JANE",
    "p03_middle_initial_if_any_from_section_1": "A",
    "p03_signature_of_preparer_or_translator_0": "Jane Doe",
    "p03_sig_date_mmddyyyy_0": "02/17/2026",
    "p03_preparer_or_translator_last_name_family_name_0": "JANE DOE",
    "p03_preparer_or_translator_first_name_given_name_0": "JANE DOE",
    "p03_pt_middle_initial_0": "V307",
    "p03_preparer_or_translator_address_street_number_and_name_0": "JANE DOE",
    "p03_preparer_or_translator_city_or_town_0": "AUSTIN",
    "p03_preparer_state_0": "TX",
    "p03_zip_code_0": "10001",
    "p03_signature_of_preparer_or_translator_1": "Jane Doe",
    "p03_sig_date_mmddyyyy_1": "02/17/2026",
    "p03_preparer_or_translator_last_name_family_name_1": "JANE DOE",
    "p03_preparer_or_translator_last_name_family_name_1_2": "JANE DOE",
    "p03_pt_middle_initial_1": "V316",
    "p03_preparer_or_translator_address_street_number_and_name_1": "JANE DOE",
    "p03_preparer_or_translator_city_or_town_1": "AUSTIN",
    "p03_preparer_state_1": "TX",
    "p03_zip_code_1": "10001",
    "p03_signature_of_preparer_or_translator_2": "Jane Doe",
    "p03_sig_date_mmddyyyy_2": "02/17/2026",
    "p03_preparer_or_translator_last_name_family_name_2": "JANE DOE",
    "p03_preparer_or_translator_first_name_given_name_2": "JANE DOE",
    "p03_pt_middle_initial_2": "V325",
    "p03_preparer_or_translator_address_street_number_and_name_2": "JANE DOE",
    "p03_preparer_or_translator_city_or_town_2": "AUSTIN",
    "p03_preparer_state_2": "TX",
    "p03_zip_code_2": "10001",
    "p03_signature_of_preparer_or_translator_3": "Jane Doe",
    "p03_sig_date_mmddyyyy_3": "02/17/2026",
    "p03_preparer_or_translator_last_name_family_name_3": "JANE DOE",
    "p03_preparer_or_translator_first_name_given_name_3": "JANE DOE",
    "p03_pt_middle_initial_3": "V334",
    "p03_preparer_or_translator_address_street_number_and_name_3": "JANE DOE",
    "p03_preparer_or_translator_city_or_town_3": "AUSTIN",
    "p03_preparer_state_3": "TX",
    "p03_zip_code_3": "10001",
    "p04_last_name_family_name_from_section_1_2": "DOE",
    "p04_first_name_given_name_from_section_1_2": "JANE",
    "p04_middle_initial_if_any_from_section_1_2": "A",
    "p04_date_of_rehire_0": "02/17/2026",
    "p04_last_name_0": "JANE DOE",
    "p04_first_name_0": "JANE DOE",
    "p04_middle_initial_0": "V406",
    "p04_document_title_0": "V407",
    "p04_document_number_0": "V408",
    "p04_expiration_date_0": "02/17/2026",
    "p04_name_of_emp_or_auth_rep_0": "JANE DOE",
    "p04_signature_of_emp_rep_0": "Jane Doe",
    "p04_todays_date_0": "02/17/2026",
    "p04_addtl_info_0": "V413",
    "p04_reverification_row_1_alt_procedure_used": false,
    "p04_date_of_rehire_1": "02/17/2026",
    "p04_last_name_1": "JANE DOE",
    "p04_first_name_1": "JANE DOE",
    "p04_middle_initial_1": "V418",
    "p04_document_title_1": "V419",
    "p04_document_number_1": "V420",
    "p04_expiration_date_1": "02/17/2026",
    "p04_name_of_emp_or_auth_rep_1": "JANE DOE",
    "p04_signature_of_emp_rep_1": "Jane Doe",
    "p04_todays_date_1": "02/17/2026",
    "p04_addtl_info_1": "V425",
    "p04_reverification_row_2_alt_procedure_used": true,
    "p04_date_of_rehire_2": "02/17/2026",
    "p04_last_name_2": "JANE DOE",
    "p04_first_name_2": "JANE DOE",
    "p04_middle_initial_2": "V430",
    "p04_document_title_2": "V431",
    "p04_document_number_2": "V432",
    "p04_expiration_date_2": "02/17/2026",
    "p04_name_of_emp_or_auth_rep_2": "JANE DOE",
    "p04_signature_of_emp_rep_2": "Jane Doe",
    "p04_todays_date_2": "02/17/2026",
    "p04_addtl_info_2": "V437",
    "p04_reverification_row_3_alt_procedure_used": false
  }
}