{
  "schema": "fullbleed.i9_field_layout.v1",
  "source_pdf": "i-9.pdf",
  "page_count": 4,
  "pages": [
    {
      "page": 1,
      "width_pt": 612.0,
      "height_pt": 792.0
    },
    {
      "page": 2,
      "width_pt": 612.0,
      "height_pt": 792.0
    },
    {
      "page": 3,
      "width_pt": 612.0,
      "height_pt": 792.0
    },
    {
      "page": 4,
      "width_pt": 612.0,
      "height_pt": 792.0
    }
  ],
  "fields": [
    {
      "key": "p01_last_name_family_name",
      "pdf_field_name": "Last Name (Family Name)",
      "page": 1,
      "widget_index": 0,
      "field_type": "Text",
      "x_pt": 42.725,
      "y_pt": 172.002,
      "width_pt": 155.676,
      "height_pt": 15.238,
      "field_flags": 8388608,
      "text_maxlen": 0,
      "text_font": "HeBo",
      "text_fontsize": 10.0,
      "comb": false,
      "multiline": false
    },
    {
      "key": "p01_first_name_given_name",
      "pdf_field_name": "First Name Given Name",
      "page": 1,
      "widget_index": 1,
      "field_type": "Text",
      "x_pt": 204.164,
      "y_pt": 172.001,
      "width_pt": 137.676,
      "height_pt": 15.235,
      "field_flags": 8388608,
      "text_maxlen": 0,
      "text_font": "HeBo",
      "text_fontsize": 10.0,
      "comb": false,
      "multiline": false
    },
    {
      "key": "p01_employee_middle_initial_if_any",
      "pdf_field_name": "Employee Middle Initial (if any)",
      "page": 1,
      "widget_index": 2,
      "field_type": "Text",
      "x_pt": 348.444,
      "y_pt": 172.001,
      "width_pt": 65.396,
      "height_pt": 15.235,
      "field_flags": 0,
      "text_maxlen": 1,
      "text_font": "HeBo",
      "text_fontsize": 10.0,
      "comb": false,
      "multiline": false
    },
    {
      "key": "p01_employee_other_last_names_used_if_any",
      "pdf_field_name": "Employee Other Last Names Used (if any)",
      "page": 1,
      "widget_index": 3,
      "field_type": "Text",
      "x_pt": 420.444,
      "y_pt": 172.003,
      "width_pt": 155.677,
      "height_pt": 15.233,
      "field_flags": 8388608,
      "text_maxlen": 0,
      "text_font": "HeBo",
      "text_fontsize": 10.0,
      "comb": false,
      "multiline": false
    },
    {
      "key": "p01_address_street_number_and_name",
      "pdf_field_name": "Address Street Number and Name",
      "page": 1,
      "widget_index": 4,
      "field_type": "Text",
      "x_pt": 41.884,
      "y_pt": 198.525,
      "width_pt": 186.237,
      "height_pt": 13.554,
      "field_flags": 8388608,
      "text_maxlen": 0,
      "text_font": "HeBo",
      "text_fontsize": 10.0,
      "comb": false,
      "multiline": false
    },
    {
      "key": "p01_apt_number_if_any",
      "pdf_field_name": "Apt Number (if any)",
      "page": 1,
      "widget_index": 5,
      "field_type": "Text",
      "x_pt": 233.604,
      "y_pt": 198.526,
      "width_pt": 65.676,
      "height_pt": 13.55,
      "field_flags": 8388608,
      "text_maxlen": 0,
      "text_font": "HeBo",
      "text_fontsize": 10.0,
      "comb": false,
      "multiline": false
    },
    {
      "key": "p01_city_or_town",
      "pdf_field_name": "City or Town",
      "page": 1,
      "widget_index": 6,
      "field_type": "Text",
      "x_pt": 305.884,
      "y_pt": 198.526,
      "width_pt": 149.396,
      "height_pt": 13.55,
      "field_flags": 8388608,
      "text_maxlen": 0,
      "text_font": "HeBo",
      "text_fontsize": 10.0,
      "comb": false,
      "multiline": false
    },
    {
      "key": "p01_state",
      "pdf_field_name": "State",
      "page": 1,
      "widget_index": 7,
      "field_type": "ComboBox",
      "x_pt": 461.245,
      "y_pt": 198.526,
      "width_pt": 41.175,
      "height_pt": 13.55,
      "field_flags": 131072,
      "text_maxlen": 0,
      "text_font": "HeBo",
      "text_fontsize": 10.0,
      "comb": false,
      "multiline": false
    },
    {
      "key": "p01_zip_code",
      "pdf_field_name": "ZIP Code",
      "page": 1,
      "widget_index": 8,
      "field_type": "Text",
      "x_pt": 509.884,
      "y_pt": 198.526,
      "width_pt": 65.396,
      "height_pt": 13.55,
      "field_flags": 8388608,
      "text_maxlen": 6,
      "text_font": "HeBo",
      "text_fontsize": 10.0,
      "comb": false,
      "multiline": false
    },
    {
      "key": "p01_date_of_birth_mmddyyyy",
      "pdf_field_name": "Date of Birth mmddyyyy",
      "page": 1,
      "widget_index": 9,
      "field_type": "Text",
      "x_pt": 41.78,
      "y_pt": 224.518,
      "width_pt": 99.092,
      "height_pt": 13.838,
      "field_flags": 0,
      "text_maxlen": 0,
      "text_font": "HeBo",
      "text_fontsize": 10.0,
      "comb": false,
      "multiline": false
    },
    {
      "key": "p01_us_social_security_number",
      "pdf_field_name": "US Social Security Number",
      "page": 1,
      "widget_index": 10,
      "field_type": "Text",
      "x_pt": 150.0,
      "y_pt": 224.799,
      "width_pt": 105.0,
      "height_pt": 13.762,
      "field_flags": 29360128,
      "text_maxlen": 9,
      "text_font": "HeBo",
      "text_fontsize": 10.0,
      "comb": true,
      "multiline": false
    },
    {
      "key": "p01_employees_e_mail_address",
      "pdf_field_name": "Employees E-mail Address",
      "page": 1,
      "widget_index": 11,
      "field_type": "Text",
      "x_pt": 264.164,
      "y_pt": 224.522,
      "width_pt": 185.957,
      "height_pt": 13.837,
      "field_flags": 8388608,
      "text_maxlen": 0,
      "text_font": "HeBo",
      "text_fontsize": 10.0,
      "comb": false,
      "multiline": false
    },
    {
      "key": "p01_telephone_number",
      "pdf_field_name": "Telephone Number",
      "page": 1,
      "widget_index": 12,
      "field_type": "Text",
      "x_pt": 456.149,
      "y_pt": 224.408,
      "width_pt": 119.198,
      "height_pt": 14.11,
      "field_flags": 0,
      "text_maxlen": 0,
      "text_font": "HeBo",
      "text_fontsize": 10.0,
      "comb": false,
      "multiline": false
    },
    {
      "key": "p01_section1_status_us_citizen",
      "pdf_field_name": "CB_1",
      "page": 1,
      "widget_index": 13,
      "field_type": "CheckBox",
      "x_pt": 181.68,
      "y_pt": 259.2,
      "width_pt": 9.48,
      "height_pt": 9.48,
      "field_flags": 0,
      "text_maxlen": 0,
      "text_font": "ZaDb",
      "text_fontsize": 0.0,
      "comb": false,
      "multiline": false
    },
    {
      "key": "p01_section1_status_noncitizen_national",
      "pdf_field_name": "CB_2",
      "page": 1,
      "widget_index": 14,
      "field_type": "CheckBox",
      "x_pt": 181.68,
      "y_pt": 271.2,
      "width_pt": 9.48,
      "height_pt": 9.48,
      "field_flags": 0,
      "text_maxlen": 0,
      "text_font": "ZaDb",
      "text_fontsize": 0.0,
      "comb": false,
      "multiline": false
    },
    {
      "key": "p01_section1_status_lawful_permanent_resident",
      "pdf_field_name": "CB_3",
      "page": 1,
      "widget_index": 15,
      "field_type": "CheckBox",
      "x_pt": 181.68,
      "y_pt": 283.2,
      "width_pt": 9.48,
      "height_pt": 9.48,
      "field_flags": 0,
      "text_maxlen": 0,
      "text_font": "ZaDb",
      "text_fontsize": 0.0,
      "comb": false,
      "multiline": false
    },
    {
      "key": "p01_f_3_a_lawful_permanent_resident_enter_uscis_or_anumber",
      "pdf_field_name": "3 A lawful permanent resident Enter USCIS or ANumber",
      "page": 1,
      "widget_index": 16,
      "field_type": "Text",
      "x_pt": 390.6,
      "y_pt": 282.6,
      "width_pt": 184.92,
      "height_pt": 11.16,
      "field_flags": 8388608,
      "text_maxlen": 0,
      "text_font": "Helv",
      "text_fontsize": 0.0,
      "comb": false,
      "multiline": false
    },
    {
      "key": "p01_section1_status_authorized_to_work_until",
      "pdf_field_name": "CB_4",
      "page": 1,
      "widget_index": 17,
      "field_type": "CheckBox",
      "x_pt": 181.96,
      "y_pt": 295.636,
      "width_pt": 9.2,
      "height_pt": 9.044,
      "field_flags": 0,
      "text_maxlen": 0,
      "text_font": "ZaDb",
      "text_fontsize": 0.0,
      "comb": false,
      "multiline": false
    },
    {
      "key": "p01_exp_date_mmddyyyy",
      "pdf_field_name": "Exp Date mmddyyyy",
      "page": 1,
      "widget_index": 18,
      "field_type": "Text",
      "x_pt": 390.193,
      "y_pt": 294.97,
      "width_pt": 59.327,
      "height_pt": 12.916,
      "field_flags": 0,
      "text_maxlen": 0,
      "text_font": "HeBo",
      "text_fontsize": 10.0,
      "comb": false,
      "multiline": false
    },
    {
      "key": "p01_uscis_anumber",
      "pdf_field_name": "USCIS ANumber",
      "page": 1,
      "widget_index": 19,
      "field_type": "Text",
      "x_pt": 180.6,
      "y_pt": 336.6,
      "width_pt": 82.8,
      "height_pt": 11.16,
      "field_flags": 8388608,
      "text_maxlen": 10,
      "text_font": "HeBo",
      "text_fontsize": 10.0,
      "comb": false,
      "multiline": false
    },
    {
      "key": "p01_form_i94_admission_number",
      "pdf_field_name": "Form I94 Admission Number",
      "page": 1,
      "widget_index": 20,
      "field_type": "Text",
      "x_pt": 276.6,
      "y_pt": 336.6,
      "width_pt": 106.8,
      "height_pt": 11.16,
      "field_flags": 8388608,
      "text_maxlen": 11,
      "text_font": "HeBo",
      "text_fontsize": 10.0,
      "comb": false,
      "multiline": false
    },
    {
      "key": "p01_foreign_passport_number_and_country_of_issuancerow1",
      "pdf_field_name": "Foreign Passport Number and Country of IssuanceRow1",
      "page": 1,
      "widget_index": 21,
      "field_type": "Text",
      "x_pt": 396.6,
      "y_pt": 336.6,
      "width_pt": 178.8,
      "height_pt": 11.16,
      "field_flags": 8388608,
      "text_maxlen": 0,
      "text_font": "HeBo",
      "text_fontsize": 10.0,
      "comb": false,
      "multiline": false
    },
    {
      "key": "p01_signature_of_employee",
      "pdf_field_name": "Signature of Employee",
      "page": 1,
      "widget_index": 22,
      "field_type": "Text",
      "x_pt": 42.076,
      "y_pt": 358.282,
      "width_pt": 323.204,
      "height_pt": 12.918,
      "field_flags": 8388608,
      "text_maxlen": 0,
      "text_font": "Helv",
      "text_fontsize": 0.0,
      "comb": false,
      "multiline": false
    },
    {
      "key": "p01_today_s_date_mmddyyy",
      "pdf_field_name": "Today's Date mmddyyy",
      "page": 1,
      "widget_index": 23,
      "field_type": "Text",
      "x_pt": 372.444,
      "y_pt": 358.279,
      "width_pt": 101.676,
      "height_pt": 12.917,
      "field_flags": 0,
      "text_maxlen": 0,
      "text_font": "HeBo",
      "text_fontsize": 10.0,
      "comb": false,
      "multiline": false
    },
    {
      "key": "p01_document_title_1",
      "pdf_field_name": "Document Title 1",
      "page": 1,
      "widget_index": 24,
      "field_type": "Text",
      "x_pt": 126.84,
      "y_pt": 432.72,
      "width_pt": 136.44,
      "height_pt": 17.04,
      "field_flags": 8388608,
      "text_maxlen": 0,
      "text_font": "HeBo",
      "text_fontsize": 10.0,
      "comb": false,
      "multiline": false
    },
    {
      "key": "p01_issuing_authority_1",
      "pdf_field_name": "Issuing Authority 1",
      "page": 1,
      "widget_index": 25,
      "field_type": "Text",
      "x_pt": 126.84,
      "y_pt": 450.72,
      "width_pt": 136.44,
      "height_pt": 17.04,
      "field_flags": 8388608,
      "text_maxlen": 0,
      "text_font": "HeBo",
      "text_fontsize": 10.0,
      "comb": false,
      "multiline": false
    },
    {
      "key": "p01_document_number_0_if_any",
      "pdf_field_name": "Document Number 0 (if any)",
      "page": 1,
      "widget_index": 26,
      "field_type": "Text",
      "x_pt": 126.84,
      "y_pt": 468.84,
      "width_pt": 136.44,
      "height_pt": 16.92,
      "field_flags": 8388608,
      "text_maxlen": 0,
      "text_font": "HeBo",
      "text_fontsize": 10.0,
      "comb": false,
      "multiline": false
    },
    {
      "key": "p01_expiration_date_if_any",
      "pdf_field_name": "Expiration Date if any",
      "page": 1,
      "widget_index": 27,
      "field_type": "Text",
      "x_pt": 126.84,
      "y_pt": 486.84,
      "width_pt": 136.44,
      "height_pt": 16.44,
      "field_flags": 8388608,
      "text_maxlen": 0,
      "text_font": "HeBo",
      "text_fontsize": 10.0,
      "comb": false,
      "multiline": false
    },
    {
      "key": "p01_document_title_2_if_any",
      "pdf_field_name": "Document Title 2 If any",
      "page": 1,
      "widget_index": 28,
      "field_type": "Text",
      "x_pt": 126.84,
      "y_pt": 505.08,
      "width_pt": 136.44,
      "height_pt": 16.68,
      "field_flags": 8388608,
      "text_maxlen": 0,
      "text_font": "HeBo",
      "text_fontsize": 10.0,
      "comb": false,
      "multiline": false
    },
    {
      "key": "p01_issuing_authority_2",
      "pdf_field_name": "Issuing Authority_2",
      "page": 1,
      "widget_index": 29,
      "field_type": "Text",
      "x_pt": 126.84,
      "y_pt": 522.84,
      "width_pt": 136.44,
      "height_pt": 16.92,
      "field_flags": 8388608,
      "text_maxlen": 0,
      "text_font": "HeBo",
      "text_fontsize": 10.0,
      "comb": false,
      "multiline": false
    },
    {
      "key": "p01_document_number_if_any_2",
      "pdf_field_name": "Document Number If any_2",
      "page": 1,
      "widget_index": 30,
      "field_type": "Text",
      "x_pt": 126.84,
      "y_pt": 540.84,
      "width_pt": 136.44,
      "height_pt": 16.92,
      "field_flags": 8388608,
      "text_maxlen": 0,
      "text_font": "HeBo",
      "text_fontsize": 10.0,
      "comb": false,
      "multiline": false
    },
    {
      "key": "p01_list_a_document_2_expiration_date_if_any",
      "pdf_field_name": "List A.  Document 2. Expiration Date (if any)",
      "page": 1,
      "widget_index": 31,
      "field_type": "Text",
      "x_pt": 127.276,
      "y_pt": 558.84,
      "width_pt": 136.44,
      "height_pt": 16.68,
      "field_flags": 8388608,
      "text_maxlen": 0,
      "text_font": "HeBo",
      "text_fontsize": 10.0,
      "comb": false,
      "multiline": false
    },
    {
      "key": "p01_list_a_document_title_3_if_any",
      "pdf_field_name": "List A.   Document Title 3.  If any",
      "page": 1,
      "widget_index": 32,
      "field_type": "Text",
      "x_pt": 126.84,
      "y_pt": 577.08,
      "width_pt": 136.44,
      "height_pt": 16.68,
      "field_flags": 8388608,
      "text_maxlen": 0,
      "text_font": "HeBo",
      "text_fontsize": 10.0,
      "comb": false,
      "multiline": false
    },
    {
      "key": "p01_list_a_document_3_enter_issuing_authority",
      "pdf_field_name": "List A. Document 3.  Enter Issuing Authority",
      "page": 1,
      "widget_index": 33,
      "field_type": "Text",
      "x_pt": 126.84,
      "y_pt": 594.84,
      "width_pt": 136.44,
      "height_pt": 16.92,
      "field_flags": 8388608,
      "text_maxlen": 0,
      "text_font": "HeBo",
      "text_fontsize": 10.0,
      "comb": false,
      "multiline": false
    },
    {
      "key": "p01_list_a_document_3_number_if_any",
      "pdf_field_name": "List A.  Document 3 Number.  If any",
      "page": 1,
      "widget_index": 34,
      "field_type": "Text",
      "x_pt": 127.276,
      "y_pt": 613.486,
      "width_pt": 136.44,
      "height_pt": 16.92,
      "field_flags": 8388608,
      "text_maxlen": 0,
      "text_font": "HeBo",
      "text_fontsize": 10.0,
      "comb": false,
      "multiline": false
    },
    {
      "key": "p01_document_number_if_any_3",
      "pdf_field_name": "Document Number if any_3",
      "page": 1,
      "widget_index": 35,
      "field_type": "Text",
      "x_pt": 126.84,
      "y_pt": 630.84,
      "width_pt": 136.44,
      "height_pt": 16.92,
      "field_flags": 8388608,
      "text_maxlen": 0,
      "text_font": "HeBo",
      "text_fontsize": 10.0,
      "comb": false,
      "multiline": false
    },
    {
      "key": "p01_list_b_document_1_title",
      "pdf_field_name": "List B Document 1 Title",
      "page": 1,
      "widget_index": 36,
      "field_type": "Text",
      "x_pt": 276.84,
      "y_pt": 432.269,
      "width_pt": 142.358,
      "height_pt": 17.321,
      "field_flags": 8388608,
      "text_maxlen": 0,
      "text_font": "HeBo",
      "text_fontsize": 10.0,
      "comb": false,
      "multiline": false
    },
    {
      "key": "p01_list_b_issuing_authority_1",
      "pdf_field_name": "List B Issuing Authority 1",
      "page": 1,
      "widget_index": 37,
      "field_type": "Text",
      "x_pt": 277.486,
      "y_pt": 450.23,
      "width_pt": 142.245,
      "height_pt": 17.04,
      "field_flags": 8388608,
      "text_maxlen": 0,
      "text_font": "HeBo",
      "text_fontsize": 10.0,
      "comb": false,
      "multiline": false
    },
    {
      "key": "p01_list_b_document_number_1",
      "pdf_field_name": "List B Document Number 1",
      "page": 1,
      "widget_index": 38,
      "field_type": "Text",
      "x_pt": 276.84,
      "y_pt": 468.137,
      "width_pt": 142.218,
      "height_pt": 17.04,
      "field_flags": 8388608,
      "text_maxlen": 0,
      "text_font": "HeBo",
      "text_fontsize": 10.0,
      "comb": false,
      "multiline": false
    },
    {
      "key": "p01_list_b_expiration_date_1",
      "pdf_field_name": "List B Expiration Date 1",
      "page": 1,
      "widget_index": 39,
      "field_type": "Text",
      "x_pt": 276.84,
      "y_pt": 486.071,
      "width_pt": 142.218,
      "height_pt": 17.04,
      "field_flags": 8388608,
      "text_maxlen": 0,
      "text_font": "HeBo",
      "text_fontsize": 10.0,
      "comb": false,
      "multiline": false
    },
    {
      "key": "p01_list_c_document_title_1",
      "pdf_field_name": "List C Document Title 1",
      "page": 1,
      "widget_index": 40,
      "field_type": "Text",
      "x_pt": 420.767,
      "y_pt": 432.549,
      "width_pt": 154.654,
      "height_pt": 17.04,
      "field_flags": 8388608,
      "text_maxlen": 0,
      "text_font": "HeBo",
      "text_fontsize": 10.0,
      "comb": false,
      "multiline": false
    },
    {
      "key": "p01_list_c_issuing_authority_1",
      "pdf_field_name": "List C Issuing Authority 1",
      "page": 1,
      "widget_index": 41,
      "field_type": "Text",
      "x_pt": 420.767,
      "y_pt": 450.203,
      "width_pt": 154.654,
      "height_pt": 17.07,
      "field_flags": 8388608,
      "text_maxlen": 0,
      "text_font": "HeBo",
      "text_fontsize": 10.0,
      "comb": false,
      "multiline": false
    },
    {
      "key": "p01_list_c_document_number_1",
      "pdf_field_name": "List C Document Number 1",
      "page": 1,
      "widget_index": 42,
      "field_type": "Text",
      "x_pt": 420.767,
      "y_pt": 468.137,
      "width_pt": 154.654,
      "height_pt": 17.04,
      "field_flags": 8388608,
      "text_maxlen": 0,
      "text_font": "HeBo",
      "text_fontsize": 10.0,
      "comb": false,
      "multiline": false
    },
    {
      "key": "p01_list_c_expiration_date_1",
      "pdf_field_name": "List C Expiration Date 1",
      "page": 1,
      "widget_index": 43,
      "field_type": "Text",
      "x_pt": 420.767,
      "y_pt": 486.071,
      "width_pt": 154.654,
      "height_pt": 17.04,
      "field_flags": 8388608,
      "text_maxlen": 0,
      "text_font": "HeBo",
      "text_fontsize": 10.0,
      "comb": false,
      "multiline": false
    },
    {
      "key": "p01_additional_information",
      "pdf_field_name": "Additional Information",
      "page": 1,
      "widget_index": 44,
      "field_type": "Text",
      "x_pt": 266.732,
      "y_pt": 517.32,
      "width_pt": 309.0,
      "height_pt": 116.258,
      "field_flags": 8392704,
      "text_maxlen": 0,
      "text_font": "HeBo",
      "text_fontsize": 10.0,
      "comb": false,
      "multiline": true
    },
    {
      "key": "p01_section2_alternative_procedure_used",
      "pdf_field_name": "CB_Alt",
      "page": 1,
      "widget_index": 45,
      "field_type": "CheckBox",
      "x_pt": 267.508,
      "y_pt": 635.316,
      "width_pt": 9.483,
      "height_pt": 9.483,
      "field_flags": 0,
      "text_maxlen": 0,
      "text_font": "ZaDb",
      "text_fontsize": 0.0,
      "comb": false,
      "multiline": false
    },
    {
      "key": "p01_firstdayemployed_mmddyyyy",
      "pdf_field_name": "FirstDayEmployed mmddyyyy",
      "page": 1,
      "widget_index": 46,
      "field_type": "Text",
      "x_pt": 462.597,
      "y_pt": 665.364,
      "width_pt": 85.096,
      "height_pt": 15.344,
      "field_flags": 0,
      "text_maxlen": 0,
      "text_font": "HeBo",
      "text_fontsize": 10.0,
      "comb": false,
      "multiline": false
    },
    {
      "key": "p01_last_name_first_name_and_title_of_employer_or_authorized_representative",
      "pdf_field_name": "Last Name First Name and Title of Employer or Authorized Representative",
      "page": 1,
      "widget_index": 47,
      "field_type": "Text",
      "x_pt": 36.612,
      "y_pt": 692.762,
      "width_pt": 251.269,
      "height_pt": 19.597,
      "field_flags": 8388608,
      "text_maxlen": 0,
      "text_font": "HeBo",
      "text_fontsize": 10.0,
      "comb": false,
      "multiline": false
    },
    {
      "key": "p01_signature_of_employer_or_ar",
      "pdf_field_name": "Signature of Employer or AR",
      "page": 1,
      "widget_index": 48,
      "field_type": "Text",
      "x_pt": 294.284,
      "y_pt": 692.762,
      "width_pt": 191.036,
      "height_pt": 19.599,
      "field_flags": 8388608,
      "text_maxlen": 0,
      "text_font": "HeBo",
      "text_fontsize": 10.0,
      "comb": false,
      "multiline": false
    },
    {
      "key": "p01_s2_todays_date_mmddyyyy",
      "pdf_field_name": "S2 Todays Date mmddyyyy",
      "page": 1,
      "widget_index": 49,
      "field_type": "Text",
      "x_pt": 489.85,
      "y_pt": 692.762,
      "width_pt": 78.005,
      "height_pt": 19.598,
      "field_flags": 0,
      "text_maxlen": 0,
      "text_font": "HeBo",
      "text_fontsize": 10.0,
      "comb": false,
      "multiline": false
    },
    {
      "key": "p01_employers_business_or_org_name",
      "pdf_field_name": "Employers Business or Org Name",
      "page": 1,
      "widget_index": 50,
      "field_type": "Text",
      "x_pt": 36.693,
      "y_pt": 725.256,
      "width_pt": 202.178,
      "height_pt": 13.706,
      "field_flags": 8388608,
      "text_maxlen": 0,
      "text_font": "HeBo",
      "text_fontsize": 10.0,
      "comb": false,
      "multiline": false
    },
    {
      "key": "p01_employers_business_or_org_address",
      "pdf_field_name": "Employers Business or Org Address",
      "page": 1,
      "widget_index": 51,
      "field_type": "Text",
      "x_pt": 245.82,
      "y_pt": 725.256,
      "width_pt": 329.16,
      "height_pt": 13.709,
      "field_flags": 8388608,
      "text_maxlen": 0,
      "text_font": "HeBo",
      "text_fontsize": 10.0,
      "comb": false,
      "multiline": false
    },
    {
      "key": "p03_last_name_family_name_from_section_1",
      "pdf_field_name": "Last Name Family Name from Section 1",
      "page": 3,
      "widget_index": 0,
      "field_type": "Text",
      "x_pt": 36.96,
      "y_pt": 112.242,
      "width_pt": 220.08,
      "height_pt": 19.637,
      "field_flags": 8388608,
      "text_maxlen": 0,
      "text_font": "HeBo",
      "text_fontsize": 10.0,
      "comb": false,
      "multiline": false
    },
    {
      "key": "p03_first_name_given_name_from_section_1",
      "pdf_field_name": "First Name Given Name from Section 1",
      "page": 3,
      "widget_index": 1,
      "field_type": "Text",
      "x_pt": 258.96,
      "y_pt": 112.248,
      "width_pt": 178.08,
      "height_pt": 19.634,
      "field_flags": 8388608,
      "text_maxlen": 0,
      "text_font": "HeBo",
      "text_fontsize": 10.0,
      "comb": false,
      "multiline": false
    },
    {
      "key": "p03_middle_initial_if_any_from_section_1",
      "pdf_field_name": "Middle initial if any from Section 1",
      "page": 3,
      "widget_index": 2,
      "field_type": "Text",
      "x_pt": 438.96,
      "y_pt": 112.248,
      "width_pt": 136.08,
      "height_pt": 19.634,
      "field_flags": 8388608,
      "text_maxlen": 0,
      "text_font": "HeBo",
      "text_fontsize": 10.0,
      "comb": false,
      "multiline": false
    },
    {
      "key": "p03_signature_of_preparer_or_translator_0",
      "pdf_field_name": "Signature of Preparer or Translator 0",
      "page": 3,
      "widget_index": 3,
      "field_type": "Text",
      "x_pt": 39.322,
      "y_pt": 228.282,
      "width_pt": 373.838,
      "height_pt": 22.918,
      "field_flags": 8388608,
      "text_maxlen": 0,
      "text_font": "HeBo",
      "text_fontsize": 10.0,
      "comb": false,
      "multiline": false
    },
    {
      "key": "p03_sig_date_mmddyyyy_0",
      "pdf_field_name": "Sig Date mmddyyyy 0",
      "page": 3,
      "widget_index": 4,
      "field_type": "Text",
      "x_pt": 417.562,
      "y_pt": 228.283,
      "width_pt": 150.376,
      "height_pt": 22.918,
      "field_flags": 0,
      "text_maxlen": 0,
      "text_font": "HeBo",
      "text_fontsize": 10.0,
      "comb": false,
      "multiline": false
    },
    {
      "key": "p03_preparer_or_translator_last_name_family_name_0",
      "pdf_field_name": "Preparer or Translator Last Name (Family Name) 0",
      "page": 3,
      "widget_index": 5,
      "field_type": "Text",
      "x_pt": 39.642,
      "y_pt": 265.202,
      "width_pt": 229.518,
      "height_pt": 15.998,
      "field_flags": 8388608,
      "text_maxlen": 0,
      "text_font": "HeBo",
      "text_fontsize": 10.0,
      "comb": false,
      "multiline": false
    },
    {
      "key": "p03_preparer_or_translator_first_name_given_name_0",
      "pdf_field_name": "Preparer or Translator First Name (Given Name) 0",
      "page": 3,
      "widget_index": 6,
      "field_type": "Text",
      "x_pt": 273.082,
      "y_pt": 265.198,
      "width_pt": 218.078,
      "height_pt": 15.998,
      "field_flags": 8388608,
      "text_maxlen": 0,
      "text_font": "HeBo",
      "text_fontsize": 10.0,
      "comb": false,
      "multiline": false
    },
    {
      "key": "p03_pt_middle_initial_0",
      "pdf_field_name": "PT Middle Initial 0",
      "page": 3,
      "widget_index": 7,
      "field_type": "Text",
      "x_pt": 495.082,
      "y_pt": 265.198,
      "width_pt": 80.078,
      "height_pt": 15.998,
      "field_flags": 0,
      "text_maxlen": 1,
      "text_font": "HeBo",
      "text_fontsize": 10.0,
      "comb": false,
      "multiline": false
    },
    {
      "key": "p03_preparer_or_translator_address_street_number_and_name_0",
      "pdf_field_name": "Preparer or Translator Address (Street Number and Name) 0",
      "page": 3,
      "widget_index": 8,
      "field_type": "Text",
      "x_pt": 38.962,
      "y_pt": 293.761,
      "width_pt": 254.318,
      "height_pt": 15.999,
      "field_flags": 8388608,
      "text_maxlen": 0,
      "text_font": "HeBo",
      "text_fontsize": 10.0,
      "comb": false,
      "multiline": false
    },
    {
      "key": "p03_preparer_or_translator_city_or_town_0",
      "pdf_field_name": "Preparer or Translator City or Town 0",
      "page": 3,
      "widget_index": 9,
      "field_type": "Text",
      "x_pt": 297.242,
      "y_pt": 293.76,
      "width_pt": 152.038,
      "height_pt": 15.998,
      "field_flags": 8388608,
      "text_maxlen": 0,
      "text_font": "HeBo",
      "text_fontsize": 10.0,
      "comb": false,
      "multiline": false
    },
    {
      "key": "p03_preparer_state_0",
      "pdf_field_name": "Preparer State 0",
      "page": 3,
      "widget_index": 10,
      "field_type": "ComboBox",
      "x_pt": 453.118,
      "y_pt": 293.76,
      "width_pt": 38.374,
      "height_pt": 15.998,
      "field_flags": 131072,
      "text_maxlen": 0,
      "text_font": "HeBo",
      "text_fontsize": 10.0,
      "comb": false,
      "multiline": false
    },
    {
      "key": "p03_zip_code_0",
      "pdf_field_name": "Zip Code 0",
      "page": 3,
      "widget_index": 11,
      "field_type": "Text",
      "x_pt": 496.643,
      "y_pt": 293.76,
      "width_pt": 78.637,
      "height_pt": 15.998,
      "field_flags": 8388608,
      "text_maxlen": 6,
      "text_font": "HeBo",
      "text_fontsize": 10.0,
      "comb": false,
      "multiline": false
    },
    {
      "key": "p03_signature_of_preparer_or_translator_1",
      "pdf_field_name": "Signature of Preparer or Translator 1",
      "page": 3,
      "widget_index": 12,
      "field_type": "Text",
      "x_pt": 39.161,
      "y_pt": 354.002,
      "width_pt": 373.999,
      "height_pt": 22.917,
      "field_flags": 8388608,
      "text_maxlen": 0,
      "text_font": "HeBo",
      "text_fontsize": 10.0,
      "comb": false,
      "multiline": false
    },
    {
      "key": "p03_sig_date_mmddyyyy_1",
      "pdf_field_name": "Sig Date mmddyyyy 1",
      "page": 3,
      "widget_index": 13,
      "field_type": "Text",
      "x_pt": 417.402,
      "y_pt": 354.002,
      "width_pt": 150.379,
      "height_pt": 22.918,
      "field_flags": 0,
      "text_maxlen": 0,
      "text_font": "HeBo",
      "text_fontsize": 10.0,
      "comb": false,
      "multiline": false
    },
    {
      "key": "p03_preparer_or_translator_last_name_family_name_1",
      "pdf_field_name": "Preparer or Translator Last Name (Family Name) 1",
      "page": 3,
      "widget_index": 14,
      "field_type": "Text",
      "x_pt": 39.643,
      "y_pt": 391.161,
      "width_pt": 229.515,
      "height_pt": 15.998,
      "field_flags": 8388608,
      "text_maxlen": 0,
      "text_font": "HeBo",
      "text_fontsize": 10.0,
      "comb": false,
      "multiline": false
    },
    {
      "key": "p03_preparer_or_translator_last_name_family_name_1_2",
      "pdf_field_name": "Preparer or Translator Last Name (Family Name) 1",
      "page": 3,
      "widget_index": 15,
      "field_type": "Text",
      "x_pt": 273.082,
      "y_pt": 391.161,
      "width_pt": 218.078,
      "height_pt": 15.998,
      "field_flags": 8388608,
      "text_maxlen": 0,
      "text_font": "HeBo",
      "text_fontsize": 10.0,
      "comb": false,
      "multiline": false
    },
    {
      "key": "p03_pt_middle_initial_1",
      "pdf_field_name": "PT Middle Initial 1",
      "page": 3,
      "widget_index": 16,
      "field_type": "Text",
      "x_pt": 495.079,
      "y_pt": 391.162,
      "width_pt": 80.081,
      "height_pt": 15.998,
      "field_flags": 0,
      "text_maxlen": 1,
      "text_font": "HeBo",
      "text_fontsize": 10.0,
      "comb": false,
      "multiline": false
    },
    {
      "key": "p03_preparer_or_translator_address_street_number_and_name_1",
      "pdf_field_name": "Preparer or Translator Address (Street Number and Name) 1",
      "page": 3,
      "widget_index": 17,
      "field_type": "Text",
      "x_pt": 38.959,
      "y_pt": 419.762,
      "width_pt": 253.361,
      "height_pt": 15.998,
      "field_flags": 8388608,
      "text_maxlen": 0,
      "text_font": "HeBo",
      "text_fontsize": 10.0,
      "comb": false,
      "multiline": false
    },
    {
      "key": "p03_preparer_or_translator_city_or_town_1",
      "pdf_field_name": "Preparer or Translator City or Town 1",
      "page": 3,
      "widget_index": 18,
      "field_type": "Text",
      "x_pt": 297.245,
      "y_pt": 419.76,
      "width_pt": 152.035,
      "height_pt": 15.998,
      "field_flags": 8388608,
      "text_maxlen": 0,
      "text_font": "HeBo",
      "text_fontsize": 10.0,
      "comb": false,
      "multiline": false
    },
    {
      "key": "p03_preparer_state_1",
      "pdf_field_name": "Preparer State 1",
      "page": 3,
      "widget_index": 19,
      "field_type": "ComboBox",
      "x_pt": 453.118,
      "y_pt": 419.76,
      "width_pt": 38.382,
      "height_pt": 15.998,
      "field_flags": 131072,
      "text_maxlen": 0,
      "text_font": "HeBo",
      "text_fontsize": 10.0,
      "comb": false,
      "multiline": false
    },
    {
      "key": "p03_zip_code_1",
      "pdf_field_name": "Zip Code 1",
      "page": 3,
      "widget_index": 20,
      "field_type": "Text",
      "x_pt": 496.642,
      "y_pt": 419.76,
      "width_pt": 78.638,
      "height_pt": 15.998,
      "field_flags": 8388608,
      "text_maxlen": 6,
      "text_font": "HeBo",
      "text_fontsize": 10.0,
      "comb": false,
      "multiline": false
    },
    {
      "key": "p03_signature_of_preparer_or_translator_2",
      "pdf_field_name": "Signature of Preparer or Translator 2",
      "page": 3,
      "widget_index": 21,
      "field_type": "Text",
      "x_pt": 39.161,
      "y_pt": 480.282,
      "width_pt": 373.999,
      "height_pt": 22.918,
      "field_flags": 8388608,
      "text_maxlen": 0,
      "text_font": "HeBo",
      "text_fontsize": 10.0,
      "comb": false,
      "multiline": false
    },
    {
      "key": "p03_sig_date_mmddyyyy_2",
      "pdf_field_name": "Sig Date mmddyyyy 2",
      "page": 3,
      "widget_index": 22,
      "field_type": "Text",
      "x_pt": 417.562,
      "y_pt": 480.283,
      "width_pt": 150.379,
      "height_pt": 22.918,
      "field_flags": 0,
      "text_maxlen": 0,
      "text_font": "HeBo",
      "text_fontsize": 10.0,
      "comb": false,
      "multiline": false
    },
    {
      "key": "p03_preparer_or_translator_last_name_family_name_2",
      "pdf_field_name": "Preparer or Translator Last Name (Family Name) 2",
      "page": 3,
      "widget_index": 23,
      "field_type": "Text",
      "x_pt": 39.363,
      "y_pt": 517.321,
      "width_pt": 229.517,
      "height_pt": 15.999,
      "field_flags": 8388608,
      "text_maxlen": 0,
      "text_font": "HeBo",
      "text_fontsize": 10.0,
      "comb": false,
      "multiline": false
    },
    {
      "key": "p03_preparer_or_translator_first_name_given_name_2",
      "pdf_field_name": "Preparer or Translator First Name (Given Name) 2",
      "page": 3,
      "widget_index": 24,
      "field_type": "Text",
      "x_pt": 273.082,
      "y_pt": 517.321,
      "width_pt": 217.798,
      "height_pt": 15.999,
      "field_flags": 8388608,
      "text_maxlen": 0,
      "text_font": "HeBo",
      "text_fontsize": 10.0,
      "comb": false,
      "multiline": false
    },
    {
      "key": "p03_pt_middle_initial_2",
      "pdf_field_name": "PT Middle Initial 2",
      "page": 3,
      "widget_index": 25,
      "field_type": "Text",
      "x_pt": 494.799,
      "y_pt": 517.321,
      "width_pt": 80.081,
      "height_pt": 15.999,
      "field_flags": 0,
      "text_maxlen": 1,
      "text_font": "HeBo",
      "text_fontsize": 10.0,
      "comb": false,
      "multiline": false
    },
    {
      "key": "p03_preparer_or_translator_address_street_number_and_name_2",
      "pdf_field_name": "Preparer or Translator Address (Street Number and Name) 2",
      "page": 3,
      "widget_index": 26,
      "field_type": "Text",
      "x_pt": 38.679,
      "y_pt": 545.881,
      "width_pt": 253.361,
      "height_pt": 15.999,
      "field_flags": 8388608,
      "text_maxlen": 0,
      "text_font": "HeBo",
      "text_fontsize": 10.0,
      "comb": false,
      "multiline": false
    },
    {
      "key": "p03_preparer_or_translator_city_or_town_2",
      "pdf_field_name": "Preparer or Translator City or Town 2",
      "page": 3,
      "widget_index": 27,
      "field_type": "Text",
      "x_pt": 296.965,
      "y_pt": 545.881,
      "width_pt": 154.675,
      "height_pt": 15.999,
      "field_flags": 8388608,
      "text_maxlen": 0,
      "text_font": "HeBo",
      "text_fontsize": 10.0,
      "comb": false,
      "multiline": false
    },
    {
      "key": "p03_preparer_state_2",
      "pdf_field_name": "Preparer State 2",
      "page": 3,
      "widget_index": 28,
      "field_type": "ComboBox",
      "x_pt": 453.403,
      "y_pt": 545.719,
      "width_pt": 38.382,
      "height_pt": 15.998,
      "field_flags": 131072,
      "text_maxlen": 0,
      "text_font": "HeBo",
      "text_fontsize": 10.0,
      "comb": false,
      "multiline": false
    },
    {
      "key": "p03_zip_code_2",
      "pdf_field_name": "Zip Code 2",
      "page": 3,
      "widget_index": 29,
      "field_type": "Text",
      "x_pt": 496.361,
      "y_pt": 545.881,
      "width_pt": 78.639,
      "height_pt": 15.999,
      "field_flags": 8388608,
      "text_maxlen": 6,
      "text_font": "HeBo",
      "text_fontsize": 10.0,
      "comb": false,
      "multiline": false
    },
    {
      "key": "p03_signature_of_preparer_or_translator_3",
      "pdf_field_name": "Signature of Preparer or Translator 3",
      "page": 3,
      "widget_index": 30,
      "field_type": "Text",
      "x_pt": 39.161,
      "y_pt": 606.282,
      "width_pt": 373.999,
      "height_pt": 22.918,
      "field_flags": 8388608,
      "text_maxlen": 0,
      "text_font": "HeBo",
      "text_fontsize": 10.0,
      "comb": false,
      "multiline": false
    },
    {
      "key": "p03_sig_date_mmddyyyy_3",
      "pdf_field_name": "Sig Date mmddyyyy 3",
      "page": 3,
      "widget_index": 31,
      "field_type": "Text",
      "x_pt": 418.21,
      "y_pt": 606.282,
      "width_pt": 150.379,
      "height_pt": 22.918,
      "field_flags": 0,
      "text_maxlen": 0,
      "text_font": "HeBo",
      "text_fontsize": 10.0,
      "comb": false,
      "multiline": false
    },
    {
      "key": "p03_preparer_or_translator_last_name_family_name_3",
      "pdf_field_name": "Preparer or Translator Last Name (Family Name) 3",
      "page": 3,
      "widget_index": 32,
      "field_type": "Text",
      "x_pt": 39.362,
      "y_pt": 643.321,
      "width_pt": 229.798,
      "height_pt": 15.999,
      "field_flags": 8388608,
      "text_maxlen": 0,
      "text_font": "HeBo",
      "text_fontsize": 10.0,
      "comb": false,
      "multiline": false
    },
    {
      "key": "p03_preparer_or_translator_first_name_given_name_3",
      "pdf_field_name": "Preparer or Translator First Name (Given Name) 3",
      "page": 3,
      "widget_index": 33,
      "field_type": "Text",
      "x_pt": 273.082,
      "y_pt": 643.321,
      "width_pt": 218.078,
      "height_pt": 15.999,
      "field_flags": 8388608,
      "text_maxlen": 0,
      "text_font": "HeBo",
      "text_fontsize": 10.0,
      "comb": false,
      "multiline": false
    },
    {
      "key": "p03_pt_middle_initial_3",
      "pdf_field_name": "PT Middle Initial 3",
      "page": 3,
      "widget_index": 34,
      "field_type": "Text",
      "x_pt": 494.798,
      "y_pt": 643.321,
      "width_pt": 80.362,
      "height_pt": 15.999,
      "field_flags": 0,
      "text_maxlen": 1,
      "text_font": "HeBo",
      "text_fontsize": 10.0,
      "comb": false,
      "multiline": false
    },
    {
      "key": "p03_preparer_or_translator_address_street_number_and_name_3",
      "pdf_field_name": "Preparer or Translator Address (Street Number and Name) 3",
      "page": 3,
      "widget_index": 35,
      "field_type": "Text",
      "x_pt": 38.959,
      "y_pt": 672.001,
      "width_pt": 254.321,
      "height_pt": 15.999,
      "field_flags": 8388608,
      "text_maxlen": 0,
      "text_font": "HeBo",
      "text_fontsize": 10.0,
      "comb": false,
      "multiline": false
    },
    {
      "key": "p03_preparer_or_translator_city_or_town_3",
      "pdf_field_name": "Preparer or Translator City or Town 3",
      "page": 3,
      "widget_index": 36,
      "field_type": "Text",
      "x_pt": 297.245,
      "y_pt": 671.761,
      "width_pt": 152.035,
      "height_pt": 15.999,
      "field_flags": 8388608,
      "text_maxlen": 0,
      "text_font": "HeBo",
      "text_fontsize": 10.0,
      "comb": false,
      "multiline": false
    },
    {
      "key": "p03_preparer_state_3",
      "pdf_field_name": "Preparer State 3",
      "page": 3,
      "widget_index": 37,
      "field_type": "ComboBox",
      "x_pt": 453.15,
      "y_pt": 671.566,
      "width_pt": 38.102,
      "height_pt": 15.998,
      "field_flags": 131072,
      "text_maxlen": 0,
      "text_font": "HeBo",
      "text_fontsize": 10.0,
      "comb": false,
      "multiline": false
    },
    {
      "key": "p03_zip_code_3",
      "pdf_field_name": "Zip Code 3",
      "page": 3,
      "widget_index": 38,
      "field_type": "Text",
      "x_pt": 496.206,
      "y_pt": 671.761,
      "width_pt": 78.638,
      "height_pt": 15.999,
      "field_flags": 8388608,
      "text_maxlen": 6,
      "text_font": "HeBo",
      "text_fontsize": 10.0,
      "comb": false,
      "multiline": false
    },
    {
      "key": "p04_last_name_family_name_from_section_1_2",
      "pdf_field_name": "Last Name Family Name from Section 1-2",
      "page": 4,
      "widget_index": 0,
      "field_type": "Text",
      "x_pt": 41.422,
      "y_pt": 114.284,
      "width_pt": 216.065,
      "height_pt": 18.654,
      "field_flags": 8388608,
      "text_maxlen": 0,
      "text_font": "HeBo",
      "text_fontsize": 10.0,
      "comb": false,
      "multiline": false
    },
    {
      "key": "p04_first_name_given_name_from_section_1_2",
      "pdf_field_name": "First Name Given Name from Section 1-2",
      "page": 4,
      "widget_index": 1,
      "field_type": "Text",
      "x_pt": 264.076,
      "y_pt": 114.286,
      "width_pt": 173.084,
      "height_pt": 18.655,
      "field_flags": 8388608,
      "text_maxlen": 0,
      "text_font": "HeBo",
      "text_fontsize": 10.0,
      "comb": false,
      "multiline": false
    },
    {
      "key": "p04_middle_initial_if_any_from_section_1_2",
      "pdf_field_name": "Middle initial if any from Section 1-2",
      "page": 4,
      "widget_index": 2,
      "field_type": "Text",
      "x_pt": 444.076,
      "y_pt": 114.286,
      "width_pt": 131.084,
      "height_pt": 18.655,
      "field_flags": 8388608,
      "text_maxlen": 0,
      "text_font": "HeBo",
      "text_fontsize": 10.0,
      "comb": false,
      "multiline": false
    },
    {
      "key": "p04_date_of_rehire_0",
      "pdf_field_name": "Date of Rehire 0",
      "page": 4,
      "widget_index": 3,
      "field_type": "Text",
      "x_pt": 42.196,
      "y_pt": 216.611,
      "width_pt": 87.109,
      "height_pt": 18.654,
      "field_flags": 0,
      "text_maxlen": 0,
      "text_font": "HeBo",
      "text_fontsize": 10.0,
      "comb": false,
      "multiline": false
    },
    {
      "key": "p04_last_name_0",
      "pdf_field_name": "Last Name 0",
      "page": 4,
      "widget_index": 4,
      "field_type": "Text",
      "x_pt": 143.749,
      "y_pt": 216.61,
      "width_pt": 191.411,
      "height_pt": 18.655,
      "field_flags": 8388608,
      "text_maxlen": 0,
      "text_font": "HeBo",
      "text_fontsize": 10.0,
      "comb": false,
      "multiline": false
    },
    {
      "key": "p04_first_name_0",
      "pdf_field_name": "First Name 0",
      "page": 4,
      "widget_index": 5,
      "field_type": "Text",
      "x_pt": 342.076,
      "y_pt": 216.61,
      "width_pt": 173.084,
      "height_pt": 18.655,
      "field_flags": 8388608,
      "text_maxlen": 0,
      "text_font": "HeBo",
      "text_fontsize": 10.0,
      "comb": false,
      "multiline": false
    },
    {
      "key": "p04_middle_initial_0",
      "pdf_field_name": "Middle Initial 0",
      "page": 4,
      "widget_index": 6,
      "field_type": "Text",
      "x_pt": 521.749,
      "y_pt": 216.61,
      "width_pt": 53.411,
      "height_pt": 18.655,
      "field_flags": 0,
      "text_maxlen": 1,
      "text_font": "HeBo",
      "text_fontsize": 10.0,
      "comb": false,
      "multiline": false
    },
    {
      "key": "p04_document_title_0",
      "pdf_field_name": "Document Title 0",
      "page": 4,
      "widget_index": 7,
      "field_type": "Text",
      "x_pt": 41.749,
      "y_pt": 269.509,
      "width_pt": 197.531,
      "height_pt": 13.429,
      "field_flags": 8388608,
      "text_maxlen": 0,
      "text_font": "HeBo",
      "text_fontsize": 10.0,
      "comb": false,
      "multiline": false
    },
    {
      "key": "p04_document_number_0",
      "pdf_field_name": "Document Number 0",
      "page": 4,
      "widget_index": 8,
      "field_type": "Text",
      "x_pt": 245.956,
      "y_pt": 269.51,
      "width_pt": 197.324,
      "height_pt": 13.428,
      "field_flags": 8388608,
      "text_maxlen": 0,
      "text_font": "HeBo",
      "text_fontsize": 10.0,
      "comb": false,
      "multiline": false
    },
    {
      "key": "p04_expiration_date_0",
      "pdf_field_name": "Expiration Date 0",
      "page": 4,
      "widget_index": 9,
      "field_type": "Text",
      "x_pt": 450.284,
      "y_pt": 269.51,
      "width_pt": 124.996,
      "height_pt": 13.428,
      "field_flags": 8388608,
      "text_maxlen": 0,
      "text_font": "HeBo",
      "text_fontsize": 10.0,
      "comb": false,
      "multiline": false
    },
    {
      "key": "p04_name_of_emp_or_auth_rep_0",
      "pdf_field_name": "Name of Emp or Auth Rep 0",
      "page": 4,
      "widget_index": 10,
      "field_type": "Text",
      "x_pt": 41.542,
      "y_pt": 322.451,
      "width_pt": 197.618,
      "height_pt": 18.654,
      "field_flags": 8388608,
      "text_maxlen": 0,
      "text_font": "HeBo",
      "text_fontsize": 10.0,
      "comb": false,
      "multiline": false
    },
    {
      "key": "p04_signature_of_emp_rep_0",
      "pdf_field_name": "Signature of Emp Rep 0",
      "page": 4,
      "widget_index": 11,
      "field_type": "Text",
      "x_pt": 246.076,
      "y_pt": 322.452,
      "width_pt": 221.084,
      "height_pt": 18.655,
      "field_flags": 8388608,
      "text_maxlen": 0,
      "text_font": "HeBo",
      "text_fontsize": 10.0,
      "comb": false,
      "multiline": false
    },
    {
      "key": "p04_todays_date_0",
      "pdf_field_name": "Todays Date 0",
      "page": 4,
      "widget_index": 12,
      "field_type": "Text",
      "x_pt": 473.749,
      "y_pt": 322.452,
      "width_pt": 94.429,
      "height_pt": 18.655,
      "field_flags": 0,
      "text_maxlen": 0,
      "text_font": "HeBo",
      "text_fontsize": 10.0,
      "comb": false,
      "multiline": false
    },
    {
      "key": "p04_addtl_info_0",
      "pdf_field_name": "Addtl Info 0",
      "page": 4,
      "widget_index": 13,
      "field_type": "Text",
      "x_pt": 41.007,
      "y_pt": 353.397,
      "width_pt": 409.67,
      "height_pt": 22.869,
      "field_flags": 8392704,
      "text_maxlen": 0,
      "text_font": "HeBo",
      "text_fontsize": 10.0,
      "comb": false,
      "multiline": true
    },
    {
      "key": "p04_reverification_row_1_alt_procedure_used",
      "pdf_field_name": "CB_Alt_0",
      "page": 4,
      "widget_index": 14,
      "field_type": "CheckBox",
      "x_pt": 455.258,
      "y_pt": 356.077,
      "width_pt": 9.483,
      "height_pt": 9.483,
      "field_flags": 0,
      "text_maxlen": 0,
      "text_font": "ZaDb",
      "text_fontsize": 0.0,
      "comb": false,
      "multiline": false
    },
    {
      "key": "p04_date_of_rehire_1",
      "pdf_field_name": "Date of Rehire 1",
      "page": 4,
      "widget_index": 15,
      "field_type": "Text",
      "x_pt": 42.199,
      "y_pt": 402.61,
      "width_pt": 87.106,
      "height_pt": 18.655,
      "field_flags": 0,
      "text_maxlen": 0,
      "text_font": "HeBo",
      "text_fontsize": 10.0,
      "comb": false,
      "multiline": false
    },
    {
      "key": "p04_last_name_1",
      "pdf_field_name": "Last Name 1",
      "page": 4,
      "widget_index": 16,
      "field_type": "Text",
      "x_pt": 143.749,
      "y_pt": 402.61,
      "width_pt": 191.411,
      "height_pt": 18.655,
      "field_flags": 8388608,
      "text_maxlen": 0,
      "text_font": "HeBo",
      "text_fontsize": 10.0,
      "comb": false,
      "multiline": false
    },
    {
      "key": "p04_first_name_1",
      "pdf_field_name": "First Name 1",
      "page": 4,
      "widget_index": 17,
      "field_type": "Text",
      "x_pt": 342.076,
      "y_pt": 402.61,
      "width_pt": 173.084,
      "height_pt": 18.655,
      "field_flags": 8388608,
      "text_maxlen": 0,
      "text_font": "HeBo",
      "text_fontsize": 10.0,
      "comb": false,
      "multiline": false
    },
    {
      "key": "p04_middle_initial_1",
      "pdf_field_name": "Middle Initial 1",
      "page": 4,
      "widget_index": 18,
      "field_type": "Text",
      "x_pt": 522.731,
      "y_pt": 402.61,
      "width_pt": 52.429,
      "height_pt": 18.655,
      "field_flags": 0,
      "text_maxlen": 1,
      "text_font": "HeBo",
      "text_fontsize": 10.0,
      "comb": false,
      "multiline": false
    },
    {
      "key": "p04_document_title_1",
      "pdf_field_name": "Document Title 1",
      "page": 4,
      "widget_index": 19,
      "field_type": "Text",
      "x_pt": 41.749,
      "y_pt": 455.836,
      "width_pt": 197.531,
      "height_pt": 13.429,
      "field_flags": 8388608,
      "text_maxlen": 0,
      "text_font": "HeBo",
      "text_fontsize": 10.0,
      "comb": false,
      "multiline": false
    },
    {
      "key": "p04_document_number_1",
      "pdf_field_name": "Document Number 1",
      "page": 4,
      "widget_index": 20,
      "field_type": "Text",
      "x_pt": 245.629,
      "y_pt": 455.839,
      "width_pt": 197.651,
      "height_pt": 13.428,
      "field_flags": 8388608,
      "text_maxlen": 0,
      "text_font": "HeBo",
      "text_fontsize": 10.0,
      "comb": false,
      "multiline": false
    },
    {
      "key": "p04_expiration_date_1",
      "pdf_field_name": "Expiration Date 1",
      "page": 4,
      "widget_index": 21,
      "field_type": "Text",
      "x_pt": 449.956,
      "y_pt": 455.839,
      "width_pt": 125.324,
      "height_pt": 13.428,
      "field_flags": 8388608,
      "text_maxlen": 0,
      "text_font": "HeBo",
      "text_fontsize": 10.0,
      "comb": false,
      "multiline": false
    },
    {
      "key": "p04_name_of_emp_or_auth_rep_1",
      "pdf_field_name": "Name of Emp or Auth Rep 1",
      "page": 4,
      "widget_index": 22,
      "field_type": "Text",
      "x_pt": 41.869,
      "y_pt": 507.796,
      "width_pt": 199.451,
      "height_pt": 18.655,
      "field_flags": 8388608,
      "text_maxlen": 0,
      "text_font": "HeBo",
      "text_fontsize": 10.0,
      "comb": false,
      "multiline": false
    },
    {
      "key": "p04_signature_of_emp_rep_1",
      "pdf_field_name": "Signature of Emp Rep 1",
      "page": 4,
      "widget_index": 23,
      "field_type": "Text",
      "x_pt": 245.291,
      "y_pt": 507.794,
      "width_pt": 221.869,
      "height_pt": 18.656,
      "field_flags": 8388608,
      "text_maxlen": 0,
      "text_font": "HeBo",
      "text_fontsize": 10.0,
      "comb": false,
      "multiline": false
    },
    {
      "key": "p04_todays_date_1",
      "pdf_field_name": "Todays Date 1",
      "page": 4,
      "widget_index": 24,
      "field_type": "Text",
      "x_pt": 474.076,
      "y_pt": 507.794,
      "width_pt": 94.428,
      "height_pt": 18.656,
      "field_flags": 8388608,
      "text_maxlen": 0,
      "text_font": "HeBo",
      "text_fontsize": 10.0,
      "comb": false,
      "multiline": false
    },
    {
      "key": "p04_addtl_info_1",
      "pdf_field_name": "Addtl Info 1",
      "page": 4,
      "widget_index": 25,
      "field_type": "Text",
      "x_pt": 41.127,
      "y_pt": 538.931,
      "width_pt": 409.673,
      "height_pt": 24.174,
      "field_flags": 8392704,
      "text_maxlen": 0,
      "text_font": "HeBo",
      "text_fontsize": 10.0,
      "comb": false,
      "multiline": true
    },
    {
      "key": "p04_reverification_row_2_alt_procedure_used",
      "pdf_field_name": "CB_Alt_1",
      "page": 4,
      "widget_index": 26,
      "field_type": "CheckBox",
      "x_pt": 455.583,
      "y_pt": 541.204,
      "width_pt": 9.155,
      "height_pt": 9.483,
      "field_flags": 0,
      "text_maxlen": 0,
      "text_font": "ZaDb",
      "text_fontsize": 0.0,
      "comb": false,
      "multiline": false
    },
    {
      "key": "p04_date_of_rehire_2",
      "pdf_field_name": "Date of Rehire 2",
      "page": 4,
      "widget_index": 27,
      "field_type": "Text",
      "x_pt": 42.199,
      "y_pt": 588.283,
      "width_pt": 87.106,
      "height_pt": 18.655,
      "field_flags": 0,
      "text_maxlen": 0,
      "text_font": "HeBo",
      "text_fontsize": 10.0,
      "comb": false,
      "multiline": false
    },
    {
      "key": "p04_last_name_2",
      "pdf_field_name": "Last Name 2",
      "page": 4,
      "widget_index": 28,
      "field_type": "Text",
      "x_pt": 144.076,
      "y_pt": 588.283,
      "width_pt": 191.084,
      "height_pt": 18.655,
      "field_flags": 8388608,
      "text_maxlen": 0,
      "text_font": "HeBo",
      "text_fontsize": 10.0,
      "comb": false,
      "multiline": false
    },
    {
      "key": "p04_first_name_2",
      "pdf_field_name": "First Name 2",
      "page": 4,
      "widget_index": 29,
      "field_type": "Text",
      "x_pt": 342.076,
      "y_pt": 588.283,
      "width_pt": 173.084,
      "height_pt": 18.655,
      "field_flags": 8388608,
      "text_maxlen": 0,
      "text_font": "HeBo",
      "text_fontsize": 10.0,
      "comb": false,
      "multiline": false
    },
    {
      "key": "p04_middle_initial_2",
      "pdf_field_name": "Middle Initial 2",
      "page": 4,
      "widget_index": 30,
      "field_type": "Text",
      "x_pt": 522.731,
      "y_pt": 588.283,
      "width_pt": 52.429,
      "height_pt": 18.655,
      "field_flags": 0,
      "text_maxlen": 1,
      "text_font": "HeBo",
      "text_fontsize": 10.0,
      "comb": false,
      "multiline": false
    },
    {
      "key": "p04_document_title_2",
      "pdf_field_name": "Document Title 2",
      "page": 4,
      "widget_index": 31,
      "field_type": "Text",
      "x_pt": 41.18,
      "y_pt": 641.926,
      "width_pt": 197.534,
      "height_pt": 13.428,
      "field_flags": 8388608,
      "text_maxlen": 0,
      "text_font": "HeBo",
      "text_fontsize": 10.0,
      "comb": false,
      "multiline": false
    },
    {
      "key": "p04_document_number_2",
      "pdf_field_name": "Document Number 2",
      "page": 4,
      "widget_index": 32,
      "field_type": "Text",
      "x_pt": 245.062,
      "y_pt": 641.926,
      "width_pt": 197.652,
      "height_pt": 13.428,
      "field_flags": 8388608,
      "text_maxlen": 0,
      "text_font": "HeBo",
      "text_fontsize": 10.0,
      "comb": false,
      "multiline": false
    },
    {
      "key": "p04_expiration_date_2",
      "pdf_field_name": "Expiration Date 2",
      "page": 4,
      "widget_index": 33,
      "field_type": "Text",
      "x_pt": 449.391,
      "y_pt": 641.926,
      "width_pt": 125.803,
      "height_pt": 13.428,
      "field_flags": 8388608,
      "text_maxlen": 0,
      "text_font": "HeBo",
      "text_fontsize": 10.0,
      "comb": false,
      "multiline": false
    },
    {
      "key": "p04_name_of_emp_or_auth_rep_2",
      "pdf_field_name": "Name of Emp or Auth Rep 2",
      "page": 4,
      "widget_index": 34,
      "field_type": "Text",
      "x_pt": 41.868,
      "y_pt": 694.105,
      "width_pt": 197.292,
      "height_pt": 18.655,
      "field_flags": 8388608,
      "text_maxlen": 0,
      "text_font": "HeBo",
      "text_fontsize": 10.0,
      "comb": false,
      "multiline": false
    },
    {
      "key": "p04_signature_of_emp_rep_2",
      "pdf_field_name": "Signature of Emp Rep 2",
      "page": 4,
      "widget_index": 35,
      "field_type": "Text",
      "x_pt": 245.29,
      "y_pt": 694.105,
      "width_pt": 221.87,
      "height_pt": 18.655,
      "field_flags": 8388608,
      "text_maxlen": 0,
      "text_font": "HeBo",
      "text_fontsize": 10.0,
      "comb": false,
      "multiline": false
    },
    {
      "key": "p04_todays_date_2",
      "pdf_field_name": "Todays Date 2",
      "page": 4,
      "widget_index": 36,
      "field_type": "Text",
      "x_pt": 474.077,
      "y_pt": 694.105,
      "width_pt": 94.428,
      "height_pt": 18.655,
      "field_flags": 8388608,
      "text_maxlen": 0,
      "text_font": "HeBo",
      "text_fontsize": 10.0,
      "comb": false,
      "multiline": false
    },
    {
      "key": "p04_addtl_info_2",
      "pdf_field_name": "Addtl Info 2",
      "page": 4,
      "widget_index": 37,
      "field_type": "Text",
      "x_pt": 41.454,
      "y_pt": 724.582,
      "width_pt": 409.672,
      "height_pt": 24.178,
      "field_flags": 8392704,
      "text_maxlen": 0,
      "text_font": "HeBo",
      "text_fontsize": 10.0,
      "comb": false,
      "multiline": true
    },
    {
      "key": "p04_reverification_row_3_alt_procedure_used",
      "pdf_field_name": "CB_Alt_2",
      "page": 4,
      "widget_index": 38,
      "field_type": "CheckBox",
      "x_pt": 456.259,
      "y_pt": 728.64,
      "width_pt": 9.482,
      "height_pt": 9.482,
      "field_flags": 0,
      "text_maxlen": 0,
      "text_font": "ZaDb",
      "text_fontsize": 0.0,
      "comb": false,
      "multiline": false
    }
  ]
}